"CMP"	"IC50_nm"
"CMP448"	39.5242737300502
"CMP439"	30.3412175855267
"CMP326"	46.7702890624003
"CMP209"	59.3586252680863
